	text
0	<map object at 0x047635F0>
1	<map object at 0x047635F0>
2	<map object at 0x047635F0>
3	<map object at 0x047635F0>
4	<map object at 0x047635F0>
5	<map object at 0x047635F0>
6	<map object at 0x047635F0>
7	<map object at 0x047635F0>
8	<map object at 0x047635F0>
9	<map object at 0x047635F0>
10	<map object at 0x047635F0>
11	<map object at 0x047635F0>
12	<map object at 0x047635F0>
13	<map object at 0x047635F0>
14	<map object at 0x047635F0>
15	<map object at 0x047635F0>
16	<map object at 0x047635F0>
17	<map object at 0x047635F0>
18	<map object at 0x047635F0>
19	<map object at 0x047635F0>
20	<map object at 0x047635F0>
21	<map object at 0x047635F0>
22	<map object at 0x047635F0>
23	<map object at 0x047635F0>
24	<map object at 0x047635F0>
25	<map object at 0x047635F0>
26	<map object at 0x047635F0>
27	<map object at 0x047635F0>
28	<map object at 0x047635F0>
29	<map object at 0x047635F0>
30	<map object at 0x047635F0>
31	<map object at 0x047635F0>
32	<map object at 0x047635F0>
33	<map object at 0x047635F0>
34	<map object at 0x047635F0>
35	<map object at 0x047635F0>
36	<map object at 0x047635F0>
37	<map object at 0x047635F0>
38	<map object at 0x047635F0>
39	<map object at 0x047635F0>
40	<map object at 0x047635F0>
41	<map object at 0x047635F0>
42	<map object at 0x047635F0>
43	<map object at 0x047635F0>
44	<map object at 0x047635F0>
45	<map object at 0x047635F0>
46	<map object at 0x047635F0>
47	<map object at 0x047635F0>
48	<map object at 0x047635F0>
49	<map object at 0x047635F0>
50	<map object at 0x047635F0>
51	<map object at 0x047635F0>
52	<map object at 0x047635F0>
53	<map object at 0x047635F0>
54	<map object at 0x047635F0>
55	<map object at 0x047635F0>
56	<map object at 0x047635F0>
57	<map object at 0x047635F0>
58	<map object at 0x047635F0>
59	<map object at 0x047635F0>
60	<map object at 0x047635F0>
61	<map object at 0x047635F0>
62	<map object at 0x047635F0>
63	<map object at 0x047635F0>
64	<map object at 0x047635F0>
65	<map object at 0x047635F0>
66	<map object at 0x047635F0>
67	<map object at 0x047635F0>
68	<map object at 0x047635F0>
69	<map object at 0x047635F0>
70	<map object at 0x047635F0>
71	<map object at 0x047635F0>
72	<map object at 0x047635F0>
73	<map object at 0x047635F0>
74	<map object at 0x047635F0>
75	<map object at 0x047635F0>
76	<map object at 0x047635F0>
77	<map object at 0x047635F0>
78	<map object at 0x047635F0>
79	<map object at 0x047635F0>
80	<map object at 0x047635F0>
81	<map object at 0x047635F0>
82	<map object at 0x047635F0>
83	<map object at 0x047635F0>
84	<map object at 0x047635F0>
85	<map object at 0x047635F0>
86	<map object at 0x047635F0>
87	<map object at 0x047635F0>
88	<map object at 0x047635F0>
89	<map object at 0x047635F0>
90	<map object at 0x047635F0>
91	<map object at 0x047635F0>
92	<map object at 0x047635F0>
93	<map object at 0x047635F0>
94	<map object at 0x047635F0>
95	<map object at 0x047635F0>
96	<map object at 0x047635F0>
97	<map object at 0x047635F0>
98	<map object at 0x047635F0>
99	<map object at 0x047635F0>
100	<map object at 0x047635F0>
101	<map object at 0x047635F0>
102	<map object at 0x047635F0>
103	<map object at 0x047635F0>
104	<map object at 0x047635F0>
105	<map object at 0x047635F0>
106	<map object at 0x047635F0>
107	<map object at 0x047635F0>
108	<map object at 0x047635F0>
109	<map object at 0x047635F0>
110	<map object at 0x047635F0>
111	<map object at 0x047635F0>
112	<map object at 0x047635F0>
113	<map object at 0x047635F0>
114	<map object at 0x047635F0>
115	<map object at 0x047635F0>
116	<map object at 0x047635F0>
117	<map object at 0x047635F0>
118	<map object at 0x047635F0>
119	<map object at 0x047635F0>
120	<map object at 0x047635F0>
121	<map object at 0x047635F0>
122	<map object at 0x047635F0>
123	<map object at 0x047635F0>
124	<map object at 0x047635F0>
125	<map object at 0x047635F0>
126	<map object at 0x047635F0>
127	<map object at 0x047635F0>
128	<map object at 0x047635F0>
129	<map object at 0x047635F0>
130	<map object at 0x047635F0>
131	<map object at 0x047635F0>
132	<map object at 0x047635F0>
133	<map object at 0x047635F0>
134	<map object at 0x047635F0>
135	<map object at 0x047635F0>
136	<map object at 0x047635F0>
137	<map object at 0x047635F0>
138	<map object at 0x047635F0>
139	<map object at 0x047635F0>
140	<map object at 0x047635F0>
141	<map object at 0x047635F0>
142	<map object at 0x047635F0>
143	<map object at 0x047635F0>
144	<map object at 0x047635F0>
145	<map object at 0x047635F0>
146	<map object at 0x047635F0>
147	<map object at 0x047635F0>
148	<map object at 0x047635F0>
149	<map object at 0x047635F0>
150	<map object at 0x047635F0>
151	<map object at 0x047635F0>
152	<map object at 0x047635F0>
153	<map object at 0x047635F0>
154	<map object at 0x047635F0>
155	<map object at 0x047635F0>
156	<map object at 0x047635F0>
157	<map object at 0x047635F0>
158	<map object at 0x047635F0>
159	<map object at 0x047635F0>
160	<map object at 0x047635F0>
161	<map object at 0x047635F0>
162	<map object at 0x047635F0>
163	<map object at 0x047635F0>
164	<map object at 0x047635F0>
165	<map object at 0x047635F0>
166	<map object at 0x047635F0>
167	<map object at 0x047635F0>
168	<map object at 0x047635F0>
169	<map object at 0x047635F0>
170	<map object at 0x047635F0>
171	<map object at 0x047635F0>
172	<map object at 0x047635F0>
173	<map object at 0x047635F0>
174	<map object at 0x047635F0>
175	<map object at 0x047635F0>
176	<map object at 0x047635F0>
177	<map object at 0x047635F0>
178	<map object at 0x047635F0>
179	<map object at 0x047635F0>
180	<map object at 0x047635F0>
181	<map object at 0x047635F0>
182	<map object at 0x047635F0>
183	<map object at 0x047635F0>
184	<map object at 0x047635F0>
185	<map object at 0x047635F0>
186	<map object at 0x047635F0>
187	<map object at 0x047635F0>
188	<map object at 0x047635F0>
189	<map object at 0x047635F0>
190	<map object at 0x047635F0>
191	<map object at 0x047635F0>
192	<map object at 0x047635F0>
193	<map object at 0x047635F0>
194	<map object at 0x047635F0>
195	<map object at 0x047635F0>
196	<map object at 0x047635F0>
197	<map object at 0x047635F0>
198	<map object at 0x047635F0>
199	<map object at 0x047635F0>
200	<map object at 0x047635F0>
201	<map object at 0x047635F0>
202	<map object at 0x047635F0>
203	<map object at 0x047635F0>
204	<map object at 0x047635F0>
205	<map object at 0x047635F0>
206	<map object at 0x047635F0>
207	<map object at 0x047635F0>
208	<map object at 0x047635F0>
209	<map object at 0x047635F0>
210	<map object at 0x047635F0>
211	<map object at 0x047635F0>
212	<map object at 0x047635F0>
213	<map object at 0x047635F0>
214	<map object at 0x047635F0>
215	<map object at 0x047635F0>
216	<map object at 0x047635F0>
217	<map object at 0x047635F0>
218	<map object at 0x047635F0>
219	<map object at 0x047635F0>
220	<map object at 0x047635F0>
221	<map object at 0x047635F0>
222	<map object at 0x047635F0>
223	<map object at 0x047635F0>
224	<map object at 0x047635F0>
225	<map object at 0x047635F0>
226	<map object at 0x047635F0>
227	<map object at 0x047635F0>
228	<map object at 0x047635F0>
229	<map object at 0x047635F0>
230	<map object at 0x047635F0>
231	<map object at 0x047635F0>
232	<map object at 0x047635F0>
233	<map object at 0x047635F0>
234	<map object at 0x047635F0>
235	<map object at 0x047635F0>
236	<map object at 0x047635F0>
237	<map object at 0x047635F0>
238	<map object at 0x047635F0>
239	<map object at 0x047635F0>
240	<map object at 0x047635F0>
241	<map object at 0x047635F0>
242	<map object at 0x047635F0>
243	<map object at 0x047635F0>
244	<map object at 0x047635F0>
245	<map object at 0x047635F0>
246	<map object at 0x047635F0>
247	<map object at 0x047635F0>
248	<map object at 0x047635F0>
249	<map object at 0x047635F0>
250	<map object at 0x047635F0>
251	<map object at 0x047635F0>
252	<map object at 0x047635F0>
253	<map object at 0x047635F0>
254	<map object at 0x047635F0>
255	<map object at 0x047635F0>
256	<map object at 0x047635F0>
257	<map object at 0x047635F0>
258	<map object at 0x047635F0>
259	<map object at 0x047635F0>
260	<map object at 0x047635F0>
261	<map object at 0x047635F0>
262	<map object at 0x047635F0>
263	<map object at 0x047635F0>
264	<map object at 0x047635F0>
265	<map object at 0x047635F0>
266	<map object at 0x047635F0>
267	<map object at 0x047635F0>
268	<map object at 0x047635F0>
269	<map object at 0x047635F0>
270	<map object at 0x047635F0>
271	<map object at 0x047635F0>
272	<map object at 0x047635F0>
273	<map object at 0x047635F0>
274	<map object at 0x047635F0>
275	<map object at 0x047635F0>
276	<map object at 0x047635F0>
277	<map object at 0x047635F0>
278	<map object at 0x047635F0>
279	<map object at 0x047635F0>
280	<map object at 0x047635F0>
281	<map object at 0x047635F0>
282	<map object at 0x047635F0>
283	<map object at 0x047635F0>
284	<map object at 0x047635F0>
285	<map object at 0x047635F0>
286	<map object at 0x047635F0>
287	<map object at 0x047635F0>
288	<map object at 0x047635F0>
289	<map object at 0x047635F0>
290	<map object at 0x047635F0>
291	<map object at 0x047635F0>
292	<map object at 0x047635F0>
293	<map object at 0x047635F0>
294	<map object at 0x047635F0>
295	<map object at 0x047635F0>
296	<map object at 0x047635F0>
297	<map object at 0x047635F0>
298	<map object at 0x047635F0>
299	<map object at 0x047635F0>
300	<map object at 0x047635F0>
301	<map object at 0x047635F0>
302	<map object at 0x047635F0>
303	<map object at 0x047635F0>
304	<map object at 0x047635F0>
305	<map object at 0x047635F0>
306	<map object at 0x047635F0>
307	<map object at 0x047635F0>
308	<map object at 0x047635F0>
309	<map object at 0x047635F0>
310	<map object at 0x047635F0>
311	<map object at 0x047635F0>
312	<map object at 0x047635F0>
313	<map object at 0x047635F0>
314	<map object at 0x047635F0>
315	<map object at 0x047635F0>
316	<map object at 0x047635F0>
317	<map object at 0x047635F0>
318	<map object at 0x047635F0>
319	<map object at 0x047635F0>
320	<map object at 0x047635F0>
321	<map object at 0x047635F0>
322	<map object at 0x047635F0>
323	<map object at 0x047635F0>
324	<map object at 0x047635F0>
325	<map object at 0x047635F0>
326	<map object at 0x047635F0>
327	<map object at 0x047635F0>
328	<map object at 0x047635F0>
329	<map object at 0x047635F0>
330	<map object at 0x047635F0>
331	<map object at 0x047635F0>
332	<map object at 0x047635F0>
333	<map object at 0x047635F0>
334	<map object at 0x047635F0>
335	<map object at 0x047635F0>
336	<map object at 0x047635F0>
337	<map object at 0x047635F0>
338	<map object at 0x047635F0>
339	<map object at 0x047635F0>
340	<map object at 0x047635F0>
341	<map object at 0x047635F0>
342	<map object at 0x047635F0>
343	<map object at 0x047635F0>
344	<map object at 0x047635F0>
345	<map object at 0x047635F0>
346	<map object at 0x047635F0>
347	<map object at 0x047635F0>
348	<map object at 0x047635F0>
349	<map object at 0x047635F0>
350	<map object at 0x047635F0>
351	<map object at 0x047635F0>
352	<map object at 0x047635F0>
353	<map object at 0x047635F0>
354	<map object at 0x047635F0>
355	<map object at 0x047635F0>
356	<map object at 0x047635F0>
357	<map object at 0x047635F0>
358	<map object at 0x047635F0>
359	<map object at 0x047635F0>
360	<map object at 0x047635F0>
361	<map object at 0x047635F0>
362	<map object at 0x047635F0>
363	<map object at 0x047635F0>
364	<map object at 0x047635F0>
365	<map object at 0x047635F0>
366	<map object at 0x047635F0>
367	<map object at 0x047635F0>
368	<map object at 0x047635F0>
369	<map object at 0x047635F0>
370	<map object at 0x047635F0>
371	<map object at 0x047635F0>
372	<map object at 0x047635F0>
373	<map object at 0x047635F0>
374	<map object at 0x047635F0>
375	<map object at 0x047635F0>
376	<map object at 0x047635F0>
377	<map object at 0x047635F0>
378	<map object at 0x047635F0>
379	<map object at 0x047635F0>
380	<map object at 0x047635F0>
381	<map object at 0x047635F0>
382	<map object at 0x047635F0>
383	<map object at 0x047635F0>
384	<map object at 0x047635F0>
385	<map object at 0x047635F0>
386	<map object at 0x047635F0>
387	<map object at 0x047635F0>
388	<map object at 0x047635F0>
389	<map object at 0x047635F0>
390	<map object at 0x047635F0>
391	<map object at 0x047635F0>
392	<map object at 0x047635F0>
393	<map object at 0x047635F0>
394	<map object at 0x047635F0>
395	<map object at 0x047635F0>
396	<map object at 0x047635F0>
397	<map object at 0x047635F0>
398	<map object at 0x047635F0>
399	<map object at 0x047635F0>
400	<map object at 0x047635F0>
401	<map object at 0x047635F0>
402	<map object at 0x047635F0>
403	<map object at 0x047635F0>
404	<map object at 0x047635F0>
405	<map object at 0x047635F0>
406	<map object at 0x047635F0>
407	<map object at 0x047635F0>
408	<map object at 0x047635F0>
409	<map object at 0x047635F0>
410	<map object at 0x047635F0>
411	<map object at 0x047635F0>
412	<map object at 0x047635F0>
413	<map object at 0x047635F0>
414	<map object at 0x047635F0>
415	<map object at 0x047635F0>
416	<map object at 0x047635F0>
417	<map object at 0x047635F0>
418	<map object at 0x047635F0>
419	<map object at 0x047635F0>
420	<map object at 0x047635F0>
421	<map object at 0x047635F0>
422	<map object at 0x047635F0>
423	<map object at 0x047635F0>
424	<map object at 0x047635F0>
425	<map object at 0x047635F0>
426	<map object at 0x047635F0>
427	<map object at 0x047635F0>
428	<map object at 0x047635F0>
429	<map object at 0x047635F0>
430	<map object at 0x047635F0>
431	<map object at 0x047635F0>
432	<map object at 0x047635F0>
433	<map object at 0x047635F0>
434	<map object at 0x047635F0>
435	<map object at 0x047635F0>
436	<map object at 0x047635F0>
437	<map object at 0x047635F0>
438	<map object at 0x047635F0>
439	<map object at 0x047635F0>
440	<map object at 0x047635F0>
441	<map object at 0x047635F0>
442	<map object at 0x047635F0>
443	<map object at 0x047635F0>
444	<map object at 0x047635F0>
445	<map object at 0x047635F0>
446	<map object at 0x047635F0>
447	<map object at 0x047635F0>
448	<map object at 0x047635F0>
449	<map object at 0x047635F0>
450	<map object at 0x047635F0>
451	<map object at 0x047635F0>
452	<map object at 0x047635F0>
453	<map object at 0x047635F0>
454	<map object at 0x047635F0>
455	<map object at 0x047635F0>
456	<map object at 0x047635F0>
457	<map object at 0x047635F0>
458	<map object at 0x047635F0>
459	<map object at 0x047635F0>
460	<map object at 0x047635F0>
461	<map object at 0x047635F0>
462	<map object at 0x047635F0>
463	<map object at 0x047635F0>
464	<map object at 0x047635F0>
465	<map object at 0x047635F0>
466	<map object at 0x047635F0>
467	<map object at 0x047635F0>
468	<map object at 0x047635F0>
469	<map object at 0x047635F0>
470	<map object at 0x047635F0>
471	<map object at 0x047635F0>
472	<map object at 0x047635F0>
473	<map object at 0x047635F0>
474	<map object at 0x047635F0>
475	<map object at 0x047635F0>
476	<map object at 0x047635F0>
477	<map object at 0x047635F0>
478	<map object at 0x047635F0>
479	<map object at 0x047635F0>
480	<map object at 0x047635F0>
481	<map object at 0x047635F0>
482	<map object at 0x047635F0>
483	<map object at 0x047635F0>
484	<map object at 0x047635F0>
485	<map object at 0x047635F0>
486	<map object at 0x047635F0>
487	<map object at 0x047635F0>
488	<map object at 0x047635F0>
489	<map object at 0x047635F0>
490	<map object at 0x047635F0>
491	<map object at 0x047635F0>
492	<map object at 0x047635F0>
493	<map object at 0x047635F0>
494	<map object at 0x047635F0>
495	<map object at 0x047635F0>
496	<map object at 0x047635F0>
497	<map object at 0x047635F0>
498	<map object at 0x047635F0>
499	<map object at 0x047635F0>
500	<map object at 0x047635F0>
501	<map object at 0x047635F0>
502	<map object at 0x047635F0>
503	<map object at 0x047635F0>
504	<map object at 0x047635F0>
505	<map object at 0x047635F0>
506	<map object at 0x047635F0>
507	<map object at 0x047635F0>
508	<map object at 0x047635F0>
509	<map object at 0x047635F0>
510	<map object at 0x047635F0>
511	<map object at 0x047635F0>
512	<map object at 0x047635F0>
513	<map object at 0x047635F0>
514	<map object at 0x047635F0>
515	<map object at 0x047635F0>
516	<map object at 0x047635F0>
517	<map object at 0x047635F0>
518	<map object at 0x047635F0>
519	<map object at 0x047635F0>
520	<map object at 0x047635F0>
521	<map object at 0x047635F0>
522	<map object at 0x047635F0>
523	<map object at 0x047635F0>
524	<map object at 0x047635F0>
525	<map object at 0x047635F0>
526	<map object at 0x047635F0>
527	<map object at 0x047635F0>
528	<map object at 0x047635F0>
529	<map object at 0x047635F0>
530	<map object at 0x047635F0>
531	<map object at 0x047635F0>
532	<map object at 0x047635F0>
533	<map object at 0x047635F0>
534	<map object at 0x047635F0>
535	<map object at 0x047635F0>
536	<map object at 0x047635F0>
537	<map object at 0x047635F0>
538	<map object at 0x047635F0>
539	<map object at 0x047635F0>
540	<map object at 0x047635F0>
541	<map object at 0x047635F0>
542	<map object at 0x047635F0>
543	<map object at 0x047635F0>
544	<map object at 0x047635F0>
545	<map object at 0x047635F0>
546	<map object at 0x047635F0>
547	<map object at 0x047635F0>
548	<map object at 0x047635F0>
549	<map object at 0x047635F0>
550	<map object at 0x047635F0>
551	<map object at 0x047635F0>
552	<map object at 0x047635F0>
553	<map object at 0x047635F0>
554	<map object at 0x047635F0>
555	<map object at 0x047635F0>
556	<map object at 0x047635F0>
557	<map object at 0x047635F0>
558	<map object at 0x047635F0>
559	<map object at 0x047635F0>
560	<map object at 0x047635F0>
561	<map object at 0x047635F0>
562	<map object at 0x047635F0>
563	<map object at 0x047635F0>
564	<map object at 0x047635F0>
565	<map object at 0x047635F0>
566	<map object at 0x047635F0>
567	<map object at 0x047635F0>
568	<map object at 0x047635F0>
569	<map object at 0x047635F0>
570	<map object at 0x047635F0>
571	<map object at 0x047635F0>
572	<map object at 0x047635F0>
573	<map object at 0x047635F0>
574	<map object at 0x047635F0>
575	<map object at 0x047635F0>
576	<map object at 0x047635F0>
577	<map object at 0x047635F0>
578	<map object at 0x047635F0>
579	<map object at 0x047635F0>
580	<map object at 0x047635F0>
581	<map object at 0x047635F0>
582	<map object at 0x047635F0>
583	<map object at 0x047635F0>
584	<map object at 0x047635F0>
585	<map object at 0x047635F0>
586	<map object at 0x047635F0>
587	<map object at 0x047635F0>
588	<map object at 0x047635F0>
589	<map object at 0x047635F0>
590	<map object at 0x047635F0>
591	<map object at 0x047635F0>
592	<map object at 0x047635F0>
593	<map object at 0x047635F0>
594	<map object at 0x047635F0>
595	<map object at 0x047635F0>
596	<map object at 0x047635F0>
597	<map object at 0x047635F0>
598	<map object at 0x047635F0>
599	<map object at 0x047635F0>
600	<map object at 0x047635F0>
601	<map object at 0x047635F0>
602	<map object at 0x047635F0>
603	<map object at 0x047635F0>
604	<map object at 0x047635F0>
605	<map object at 0x047635F0>
606	<map object at 0x047635F0>
607	<map object at 0x047635F0>
608	<map object at 0x047635F0>
609	<map object at 0x047635F0>
610	<map object at 0x047635F0>
611	<map object at 0x047635F0>
612	<map object at 0x047635F0>
613	<map object at 0x047635F0>
614	<map object at 0x047635F0>
615	<map object at 0x047635F0>
616	<map object at 0x047635F0>
617	<map object at 0x047635F0>
618	<map object at 0x047635F0>
619	<map object at 0x047635F0>
620	<map object at 0x047635F0>
621	<map object at 0x047635F0>
622	<map object at 0x047635F0>
623	<map object at 0x047635F0>
624	<map object at 0x047635F0>
625	<map object at 0x047635F0>
626	<map object at 0x047635F0>
627	<map object at 0x047635F0>
628	<map object at 0x047635F0>
629	<map object at 0x047635F0>
630	<map object at 0x047635F0>
631	<map object at 0x047635F0>
632	<map object at 0x047635F0>
633	<map object at 0x047635F0>
634	<map object at 0x047635F0>
635	<map object at 0x047635F0>
636	<map object at 0x047635F0>
637	<map object at 0x047635F0>
638	<map object at 0x047635F0>
639	<map object at 0x047635F0>
640	<map object at 0x047635F0>
641	<map object at 0x047635F0>
642	<map object at 0x047635F0>
643	<map object at 0x047635F0>
644	<map object at 0x047635F0>
645	<map object at 0x047635F0>
646	<map object at 0x047635F0>
647	<map object at 0x047635F0>
648	<map object at 0x047635F0>
649	<map object at 0x047635F0>
650	<map object at 0x047635F0>
651	<map object at 0x047635F0>
652	<map object at 0x047635F0>
653	<map object at 0x047635F0>
654	<map object at 0x047635F0>
655	<map object at 0x047635F0>
656	<map object at 0x047635F0>
657	<map object at 0x047635F0>
658	<map object at 0x047635F0>
659	<map object at 0x047635F0>
660	<map object at 0x047635F0>
661	<map object at 0x047635F0>
662	<map object at 0x047635F0>
663	<map object at 0x047635F0>
664	<map object at 0x047635F0>
665	<map object at 0x047635F0>
666	<map object at 0x047635F0>
667	<map object at 0x047635F0>
668	<map object at 0x047635F0>
669	<map object at 0x047635F0>
670	<map object at 0x047635F0>
671	<map object at 0x047635F0>
672	<map object at 0x047635F0>
673	<map object at 0x047635F0>
674	<map object at 0x047635F0>
675	<map object at 0x047635F0>
676	<map object at 0x047635F0>
677	<map object at 0x047635F0>
678	<map object at 0x047635F0>
679	<map object at 0x047635F0>
680	<map object at 0x047635F0>
681	<map object at 0x047635F0>
682	<map object at 0x047635F0>
683	<map object at 0x047635F0>
684	<map object at 0x047635F0>
685	<map object at 0x047635F0>
686	<map object at 0x047635F0>
687	<map object at 0x047635F0>
688	<map object at 0x047635F0>
689	<map object at 0x047635F0>
690	<map object at 0x047635F0>
691	<map object at 0x047635F0>
692	<map object at 0x047635F0>
693	<map object at 0x047635F0>
694	<map object at 0x047635F0>
695	<map object at 0x047635F0>
696	<map object at 0x047635F0>
697	<map object at 0x047635F0>
698	<map object at 0x047635F0>
699	<map object at 0x047635F0>
700	<map object at 0x047635F0>
701	<map object at 0x047635F0>
702	<map object at 0x047635F0>
703	<map object at 0x047635F0>
704	<map object at 0x047635F0>
705	<map object at 0x047635F0>
706	<map object at 0x047635F0>
707	<map object at 0x047635F0>
708	<map object at 0x047635F0>
709	<map object at 0x047635F0>
710	<map object at 0x047635F0>
711	<map object at 0x047635F0>
712	<map object at 0x047635F0>
713	<map object at 0x047635F0>
714	<map object at 0x047635F0>
715	<map object at 0x047635F0>
716	<map object at 0x047635F0>
717	<map object at 0x047635F0>
718	<map object at 0x047635F0>
719	<map object at 0x047635F0>
720	<map object at 0x047635F0>
721	<map object at 0x047635F0>
722	<map object at 0x047635F0>
723	<map object at 0x047635F0>
724	<map object at 0x047635F0>
725	<map object at 0x047635F0>
726	<map object at 0x047635F0>
727	<map object at 0x047635F0>
728	<map object at 0x047635F0>
729	<map object at 0x047635F0>
730	<map object at 0x047635F0>
731	<map object at 0x047635F0>
732	<map object at 0x047635F0>
733	<map object at 0x047635F0>
734	<map object at 0x047635F0>
735	<map object at 0x047635F0>
736	<map object at 0x047635F0>
737	<map object at 0x047635F0>
738	<map object at 0x047635F0>
739	<map object at 0x047635F0>
740	<map object at 0x047635F0>
741	<map object at 0x047635F0>
742	<map object at 0x047635F0>
743	<map object at 0x047635F0>
744	<map object at 0x047635F0>
745	<map object at 0x047635F0>
746	<map object at 0x047635F0>
747	<map object at 0x047635F0>
748	<map object at 0x047635F0>
749	<map object at 0x047635F0>
750	<map object at 0x047635F0>
751	<map object at 0x047635F0>
752	<map object at 0x047635F0>
753	<map object at 0x047635F0>
754	<map object at 0x047635F0>
755	<map object at 0x047635F0>
756	<map object at 0x047635F0>
757	<map object at 0x047635F0>
758	<map object at 0x047635F0>
759	<map object at 0x047635F0>
760	<map object at 0x047635F0>
761	<map object at 0x047635F0>
762	<map object at 0x047635F0>
763	<map object at 0x047635F0>
764	<map object at 0x047635F0>
765	<map object at 0x047635F0>
766	<map object at 0x047635F0>
767	<map object at 0x047635F0>
768	<map object at 0x047635F0>
769	<map object at 0x047635F0>
770	<map object at 0x047635F0>
771	<map object at 0x047635F0>
772	<map object at 0x047635F0>
773	<map object at 0x047635F0>
774	<map object at 0x047635F0>
775	<map object at 0x047635F0>
776	<map object at 0x047635F0>
777	<map object at 0x047635F0>
778	<map object at 0x047635F0>
779	<map object at 0x047635F0>
780	<map object at 0x047635F0>
781	<map object at 0x047635F0>
782	<map object at 0x047635F0>
783	<map object at 0x047635F0>
784	<map object at 0x047635F0>
785	<map object at 0x047635F0>
786	<map object at 0x047635F0>
787	<map object at 0x047635F0>
788	<map object at 0x047635F0>
789	<map object at 0x047635F0>
